<?xml version="1.0" encoding="UTF-8"?>

<beans xmlns = "http://www.springframework.org/schema/beans"
   xmlns:xsi = "http://www.w3.org/2001/XMLSchema-instance"
   xmlns:ctx = "http://www.springframework.org/schema/context"
   xmlns:tx = "http://www.springframework.org/schema/tx"
   xmlns:mvc="http://www.springframework.org/schema/mvc"
   xsi:schemaLocation = "http://www.springframework.org/schema/beans
   http://www.springframework.org/schema/beans/spring-beans.xsd
   http://www.springframework.org/schema/mvc
   http://www.springframework.org/schema/mvc/spring-mvc.xsd
   http://www.springframework.org/schema/context
   http://www.springframework.org/schema/context/spring-context.xsd 
    http://www.springframework.org/schema/tx
   http://www.springframework.org/schema/tx/spring-tx.xsd ">
   
   <tx:annotation-driven />
   
   <ctx:annotation-config></ctx:annotation-config>
   <ctx:component-scan base-package="com.nagarro.libraryclients.controllers"></ctx:component-scan>
   
   <bean class="org.springframework.web.servlet.view.InternalResourceViewResolver" id="viewResolver">
   
     <property name="prefix" value="/WEB-INF/views/" />
     <property name="suffix" value=".jsp"/>
   
   
   </bean>
   </beans>